--插入账号消息
INSERT INTO USER_LOGIN VALUES ('admin','admin','0','0');
INSERT INTO USER_LOGIN VALUES ('a962104789','67813831','0','0');
INSERT INTO USER_LOGIN VALUES ('w962104789','67813831','1','0');
INSERT INTO USER_LOGIN VALUES ('u962104789','67813831','2','0');
INSERT INTO USER_LOGIN VALUES ('a18289493367','123456','0','1');
INSERT INTO USER_LOGIN VALUES ('w18289493367','123456','1','1');
INSERT INTO USER_LOGIN VALUES ('u18289493367','123456','2','1');
INSERT INTO USER_LOGIN VALUES ('a13518838560','123456','0','0');
INSERT INTO USER_LOGIN VALUES ('w13518838560','123456','1','1');
INSERT INTO USER_LOGIN VALUES ('u13518838560','123456','2','2');
INSERT INTO USER_LOGIN VALUES ('testadmin','testadmin','0','0');
INSERT INTO USER_LOGIN VALUES ('testwork','testwork','1','0');
INSERT INTO USER_LOGIN VALUES ('testuser','testuser','2','0');

--插入用户消息
INSERT INTO USER_INFO VALUES ('admin','管理员','M','460026200007050070','18298946730','admin@163.com');
INSERT INTO USER_INFO VALUES ('a962104789','测试管理员','F','460026200007050071','18298946731','a962104789@163.com');
INSERT INTO USER_INFO VALUES ('w962104789','测试员工','M','460026200007050072','18298946732','w962104789@163.com');
INSERT INTO USER_INFO VALUES ('u962104789','测试用户','M','460026200007050073','18298946733','u962104789@163.com');
INSERT INTO USER_INFO VALUES ('a18289493367','JJWW','M','460026200007050074','18298946734','a18289493367@qq.com');
INSERT INTO USER_INFO VALUES ('w18289493367','唧唧歪歪','F','460026200007050075','18298946735','w18289493367@qq.com');
INSERT INTO USER_INFO VALUES ('u18289493367','jjww','M','460026200007050076','18298946736','u18289493367@qq.com');
INSERT INTO USER_INFO VALUES ('a13518838560','HHJJ','M','460026200007050077','18298946737','962104789@Outlook.com');
INSERT INTO USER_INFO VALUES ('w13518838560','哼哼唧唧','M','460026200007050078','18298946738','962104789@Outlook.com');
INSERT INTO USER_INFO VALUES ('u13518838560','hhjj','F','460026200007050079','18298946739','962104789@Outlook.com');
INSERT INTO USER_INFO VALUES ('testadmin','测试管理员','M','460026200007050080','18298946711','962104789@163.com');
INSERT INTO USER_INFO VALUES ('testwork','测试员工','F','460026200007050081','18298946722','962104789@qq.com');
INSERT INTO USER_INFO VALUES ('testuser','测试用户','F','460026200007050082','18298946733','962104789@Outlook.com');

--插入作者信息
INSERT INTO AUTHOR_INFO VALUES('1300000000','罗贯中','0');
INSERT INTO AUTHOR_INFO VALUES('1300000001','施耐庵','0');
INSERT INTO AUTHOR_INFO VALUES('1300000002','吴承恩','0');
INSERT INTO AUTHOR_INFO VALUES('1300000003','曹雪芹','0');
INSERT INTO AUTHOR_INFO VALUES('1300000004','马丁·海德格尔','0');
INSERT INTO AUTHOR_INFO VALUES('1300000005','柏拉图','0');
INSERT INTO AUTHOR_INFO VALUES('1300000006','兰小欢','0');
INSERT INTO AUTHOR_INFO VALUES('1300000007','彼得·海斯勒','0');
INSERT INTO AUTHOR_INFO VALUES('1300000008','亚当·斯密','0');
INSERT INTO AUTHOR_INFO VALUES('1300000009','刘素兰','0');
INSERT INTO AUTHOR_INFO VALUES('1300000010','鲁迅','0');
INSERT INTO AUTHOR_INFO VALUES('1300000011','巴金','0');

--插入出版社
INSERT INTO PRESS_INFO VALUES('9111010140','人民文学出版社','0');
INSERT INTO PRESS_INFO VALUES('9111010141','商务印书馆','0');
INSERT INTO PRESS_INFO VALUES('9111010142','上海人民出版社','0');
INSERT INTO PRESS_INFO VALUES('9111010143','上海译文出版社','0');
INSERT INTO PRESS_INFO VALUES('9111010144','中信出版社','0');
INSERT INTO PRESS_INFO VALUES('9111010145','科学出版社','0');

--插入图书类型
INSERT INTO BOOK_TYPE_INFO VALUES('B','哲学','0');
INSERT INTO BOOK_TYPE_INFO VALUES('C','社会科学','0');
INSERT INTO BOOK_TYPE_INFO VALUES('D','政治法律','0');
INSERT INTO BOOK_TYPE_INFO VALUES('E','军事','0');
INSERT INTO BOOK_TYPE_INFO VALUES('F','经济','0');
INSERT INTO BOOK_TYPE_INFO VALUES('J','艺术','0');
INSERT INTO BOOK_TYPE_INFO VALUES('I','文学','0');
INSERT INTO BOOK_TYPE_INFO VALUES('K','历史地理','0');
INSERT INTO BOOK_TYPE_INFO VALUES('N','自然科学','0');
INSERT INTO BOOK_TYPE_INFO VALUES('O','数理科学','0');
INSERT INTO BOOK_TYPE_INFO VALUES('Q','生物科学','0');
INSERT INTO BOOK_TYPE_INFO VALUES('R','药学','0');

--插入图书信息
INSERT INTO BOOK_INFO VALUES('9787020070520','三国演义','I','1300000000','9111010140',1,9,'0');
INSERT INTO BOOK_INFO VALUES('9787020070521','水浒传','I','1300000001','9111010140',2,8,'0');
INSERT INTO BOOK_INFO VALUES('9787020070522','西游记','I','1300000002','9111010140',5,5,'0');
INSERT INTO BOOK_INFO VALUES('9787020070523','红楼梦','I','1300000003','9111010140',3,7,'0');
INSERT INTO BOOK_INFO VALUES('9787020070524','存在与时间','B','1300000004','9111010141',5,2,'0');
INSERT INTO BOOK_INFO VALUES('9787020070525','理想国','B','1300000005','9111010141',3,4,'0');
INSERT INTO BOOK_INFO VALUES('9787020070526','置身事内','C','1300000006','9111010142',3,2,'0');
INSERT INTO BOOK_INFO VALUES('9787020070527','江城','C','1300000007','9111010143',2,4,'0');
INSERT INTO BOOK_INFO VALUES('9787020070528','国富论','F','1300000008','9111010144',3,2,'0');
INSERT INTO BOOK_INFO VALUES('9787020070529','药剂学(中职药剂)','R','1300000009','9111010145',2,4,'0');
INSERT INTO BOOK_INFO VALUES('9787020070530','狂人日记','I','1300000010','9111010140',2,4,'0');
INSERT INTO BOOK_INFO VALUES('9787020070531','骆驼祥子','I','1300000011','9111010140',9,1,'0');

--插入借阅信息
INSERT INTO BORROWED_INFO VALUES('202209171201','u962104789','9787020070530',1,'2022-09-17','2022-10-01','0');
INSERT INTO BORROWED_INFO VALUES('202209171202','u962104789','9787020070530',1,'2022-09-10','2022-09-17','2');
INSERT INTO BORROWED_INFO VALUES('202209171203','u962104789','9787020070528',1,'2022-09-03','2022-09-10','2');
INSERT INTO BORROWED_INFO VALUES('202209171204','u18289493367','9787020070523',2,'2022-09-03','2022-09-10','1');
INSERT INTO BORROWED_INFO VALUES('202209171205','testuser','9787020070529',3,'2022-09-17','2022-10-01','0');
INSERT INTO BORROWED_INFO VALUES('202209171206','testuser','9787020070527',4,'2022-09-10','2022-09-17','2');
INSERT INTO BORROWED_INFO VALUES('202209171207','u962104789','9787020070522',2,'2022-08-01','2022-08-07','2');
INSERT INTO BORROWED_INFO VALUES('202209171208','u962104789','9787020070526',1,'2022-01-01','2022-01-07','2');
INSERT INTO BORROWED_INFO VALUES('202209171209','testuser','9787020070525',3,'2022-09-03','2022-09-10','2');
INSERT INTO BORROWED_INFO VALUES('202209171200','testuser','9787020070520',2,'2022-08-01','2022-08-7','2');
